email,name,sourceTypes,approved,ownerUid
houseofkna@gmail.com,Middle Tennessee Metals,spring,yes,gTos6cVysDf82EaA4nE4CmbY7oF2
sayheatingandcooling@gmail.com,SAY HEATING AND COOLING,spring|csv,yes,NNKKzaW2GBOAdsO9RtO4ycjclcs1
kevin.christensen@twomen.com,Two Men and a Truck,spring|csv,yes,gicP2IFY3jYESRkAEHTWyVPvj8x1
barrieroftn@gmail.com,Barrier Waterproofing,spring|csv,yes,DXrdLJK6UvZqCoy1iDQ8N8OOyPM2
dennis@h20waterbiz.com,H20 Waterbiz southeast LLC,spring|csv,yes,iq9QeBBNqIVl88wE0yEshC3CPOw2
jenna@homefoodservices.com,Passanante's Home Food Services,spring|csv,yes,blxav4fzdherkheL1GYaqLfgTSv2
natalie.bloomer@leafhome.com,LeafHome Bath,spring,yes,lo5BNSQ349SNe1hvWoMCvwnsiaV2
events@leafhomeenhancements.com,LeafHome Bath,spring|csv,yes,q6dsX5YH0JgGesz17TqF0ZoDd792
mike@middletennesseecleaners.com,Middle Tennessee Cleaners,spring|csv,yes,1P1JKqgoBshv81bZA3cRWgPpPFs1
tjholland.th@gmail.com,LeafX of TN,spring,yes,sBixYJ68bnWPESs03LRjo8PwDm12
thomas.surratt1@t-mobile.com,T-Mobile,spring|csv,yes,oAVTQ8B9mFZFZcNaLdUjHJRLiLT2
ims@ibyfax.com,Integrity Metal Sales & Lumber,spring|csv,yes,sKGBLNF0vsedGqMF0wg8Qs3fIya2
shanautica.sales@greatdayimprovements.com,Patio Enclosures,spring|csv,yes,KNfxQWok4Khq5e0Xn9KNTf3niA82
events@cutco.com,Cutco,spring|csv,yes,HqQCr54WV2MZ5EKgtxY0bTw1apm2
glayton@improveitusa.com,Improveit Home Remodeling,spring,yes,gCRIb0xb4EWiAHXRdkU4JWuLVar2
amy@uppercumberlandgenerators.com,Upper Cumberland Generators,spring,yes,2qsj1ehpVPb15rFbKPGTDs795qG3
joe.patriotcontractors@gmail.com,"Patriot Contractors, LLC",spring|csv,yes,6iQRDNS1bXNOhFH0CXFAidnV9sH3
shannon@truemetalsupply.com,True Metal Supply,spring|csv,yes,hXYkX3YKDPgbTP2RUG5rxJZMWAF2
derrick@allamericanmatress.com,All American Matters,spring,yes,AOrqHk4lOeOcX0ClKZTIcWdczgv2
jwilliams@budgetblinds.com,Budget Blinds,spring,yes,YwrxucHTJjRFzl1Puq01Xrle4KO2
jaden@flynndevelopment.co,Flynn Development,spring,yes,yJ79SYrdWvgv9pUdPQpRgUERvdu2
marketing@stabledry.com,United Structural Systems (USS),spring|csv,yes,WWBjAbdArRPHfzV6syAd2lZD3g92
nashevents@windowsbyrba.com,Renewal by Andersen,spring|csv,yes,fOkl9rD508Xnl4bHHktFMbMEUxg1
unknown@americanhomedesign.com,American Home Design,spring,yes,PFpMUdxDcaMIHCmpdeutyBf1ogC2
dunn2676@gmail.com,Upper Cumberland Remodeling LLC,spring|csv,yes,SDtUkeu19nQgbbJZKwFtetAo05D2
events@southernshowers.com,Southern Showers,spring|csv,yes,gGaWKM9ausPakcaKRXxT8Ixez4m1
garry@putnamplumbing.com,Putnam Plumbing,spring|csv,yes,BvooPdSa7fVujB7eoDkeZI9CqGI2
jasonbo1462@gmail.com,"NXT Generation Painting, LLC",spring|csv,yes,kcva6ZIv0zRLNoq74PCWBfZZolU2
marshellia.johnson@bathfitter.com,Bath Fitter,spring|csv,yes,UWO9utyN0NZBVbUWBPlbMHdlWQr2
vwinneccs@gmail.com,Creative Log Cabins,spring|csv,yes,yz8KqtkYyQTLI9rZtfOpuhwGQSt2
uknown@innovativehomeservices.com,Innovative Home Services,spring,yes,b0qk9DpAS1bVWP6FPZ5mdF2elgE3
tomb@properplumbing.com,Proper Plumbing,spring,yes,7SgrmJKVJWaUIA96LkmyDQlniR03
heather@sullivanwalter.com,Sullivan Walter Homes,spring|csv,yes,Ph0KQcFhCTTCpwWmKwNSJp4FJWt1
ashlyn.windowdepot@gmail.com,Window Depot & Bath Team,spring|csv,yes,gpkv8dL5tMb9agVYis3OCVEtJGG2
contact@thecrawlspacekings.com,The Crawlspace Kings,spring|csv,yes,dLJ4EDcZF2bwwlJRPWr5ZG6iILK2
nick@cumberlandcleaning.com,Cumberland Cleaning,spring,yes,jsxyon2XlvPE1TtiV7G3SK0EsIE3
mail@cumberlandcleaning.com,Cumberland Cleaning Company,spring|csv,yes,ovUEmUYvYXVOO0bogXqrhUXFFhP2
putnamcountytreeservice@yahoo.com,Putnam County Tree Service,spring|csv,yes,Y9i9BDsIeVQJLeuTM0hppT8tqgI3
events@pelladirect.com,Pella Windows and Doors,spring|csv,yes,fCW1Ddwjz0YNnIO4XqQGtCWq4Sq2
granvilletnoffice@gmail.com,Historic Granville,spring|csv,yes,OwQGkM1rnAU2JzW77OvIVjtIUjJ2
patrice@supsleep.com,SUPERIOR SLEEP,spring|csv,yes,OCfDDcE47XPYLfjmp0hJqdVSOfA3
bandhshelters@yahoo.com,B&H Storm Shelters,spring|csv,yes,MER9Gb5KFRZbofS3tXVQSs8Mc602
nathaliaskincare@gmail.com,Clinic Shape,spring|csv,yes,eZ6ua7HAb1VMAm38fD8oDcxm50z1
jbrezeale@americashomeplace.com,America's Home Place,spring|csv,yes,OWg2sqi1YLR3V3h4RGfHuY9qh6y2
kpresley1@gmail.com,Karen’s Cleaning,spring|csv,yes,JrrGAjTKRhWquJqnjmWes2OCxXD3
derrick@allamericanmattress.com,All American Mattress LLC,spring|csv,yes,loB9tYWEJHhgDQzWJFCot8I3IrU2
b&hshelters@yahoo.com,B&H Storm Shelters,spring,yes,QCaJUdkgMPNinTgtDCTKugVHLAH2
tjholland1.th@gmail.com,LeafX of TN,spring|csv,yes,zFqE8hTHongoOrpsaGpE3PenYBR2
canaeventbackdrops@gmail.com,Cana Event Backdrops,spring|csv,yes,iP58RHiUwsY5ajiXyVJ07WXTPE13
ucgenerators@gmail.com,Upper Cumberland Generators,spring|csv,yes,C5MMkRMcZwUykMf04XRVm4yMrPZ2
allison@meetinthemiddle.club,Olympic Air LLC,spring|csv,yes,WPY0LoIh29XInDyBgObVhXvdwsI3
wwatson@garageforce.com,Garage Force of Nashville,spring|csv,yes,viRLkY922IN124zaWItG5NoAOhY2
moriah@irtn.co,Innovative Home Services,spring|csv,yes,kPBZCXjfh2fmM5orzdGD069ceh93
canglin@axenrealty.com,Axen Realty,spring|csv,yes,qsMBAhnV1CWibEo2tl3Z5fbT97E2
itaylor@budgetblinds.com,Budget Blinds,spring|csv,yes,SzS4QGD7FMUhqbfIj2jbQOJK4NV2
james.blair@home-stretch.com,Home Stretch,spring|csv,yes,U2hBtFGs9hWiFWK5zUs6iCp8QuQ2
ihrshowmanager@improveitusa.com,Improveit Home Remodeling,spring|csv,yes,smcgvdP9ptekmCiNaOzFHkrtr6e2
events@leaffilter.com,LeafFilter Gutter Protection,spring|csv,yes,pyd6jNmgyJYBYTCZR5KBgg1bctt2
zeke@bruckcontractors.com,Bruck Contractors LLC,spring|csv,yes,RlPhavbt3MNrRXciRFJYK4575Q52
sales@aquapoolsllc.com,Aqua Pools,spring|csv,yes,oi84xslzJgXN5qgdL84iFdd1ynZ2
events@wilsonbank.com,Wilson Bank & Trust,spring|csv,yes,tqqeeS6ftdgficLyZMmlZPppYT53
pat@custombathandshower.com,Custom Bath & Shower,spring|csv,yes,Gwo5vjTIHHX8YTjrJkQ5IiJ7XEh2
931window1@gmail.com,Willow Window,spring|csv,yes,J1OMJYjaKzUYS5zid4M4YuCO63i1
dhurlburt@windowsbyrba.com,Renewal by Andersen,spring,yes,NCFyuJs46rcHaATU27tJPi8wa6T2
bredding@windownation.com,Window Nation,spring|csv,yes,cyrTtusECYWcUYJp5DJZkVAxF5i2
rick@crafthealth.com,Craft Body Scan,spring|csv,yes,swPxpz2wUwSw5Q8ln9fxGr8SmI23
mgoodchild@americanhomedesign.com,American Home Design,spring|csv,yes,Rga5uDEEi4eigDQ6sWxm5zyw02H2
kschwarz@leafguard.com,Leafguard,spring|csv,yes,LYNiBAwWu6NVH1QNyCnZujadFnh2
jaden@moderndevelopment.co,Modern Development,spring|csv,yes,wCDtTQcgyQWXXLWHyDxUW8JLcH23
amber@selksolutions.com,Selk Solutions,spring|csv,yes,aBB5PvM2CRXCfbcoAQkvByJvB5O2
rob@tnshield.com,FLOWSHIELD GUTTER PROTECTION,spring|csv,yes,PX1C3FJ7p2hYwxCgUzX2MD9WWiQ2
aloft2@gmail.com,PIXL,spring|csv,yes,4U8GhOK905bYrjzswwZuFf19z7A3
russell@campbellpestsolutions.com,Campbell Pest Solutions,spring|csv,yes,zdoeJpko55N50v4vekdb6XXUyYG3
nxtgenerationpainting22@gmail.com,"NXT Generation Painting, LLC",spring,yes,tsmgzrGX65hsFh7RunZCsPk4cSz2
gayle.edmiston@yahoo.com,American Home,spring|csv,yes,qXdhessOnXTuvSL2yPtEUQtlLqT2
jen.christensen@twomen.com,TWO MEN AND A TRUCK,spring|csv,yes,f3fPbRZEAJRVRkZlgMWM0wJsF1g1
jhudgens@pelladirect.com,Windows & Doors of Nashville,spring,yes,qzTnab7xr0ZV1qtFeLdWo84evPy2
acutaboveroofing@gmail.com,A Cut Above Roofing LLC,spring|csv,yes,VorTAckfiha30wBmgEOveqtoLnz2
help@theusagranite.com,USA Granite,spring|csv,yes,dR5rcTq3hObQGtM82heFd8zoWXi2
admin@rollingthundercarts.com,Rolling Thunder Carts,spring|csv,yes,7ebFXqSJdIhengDTr6Mh7wvK0uM2
curbappealoftn@gmail.com,Beautiful Homes and Decks,spring|csv,yes,xU29nmQA62bGiSMkIjqbpfR7AxI2
erieevents@leafhome.com,Erie Home,spring|csv,yes,SkFuyga5aegQTIVDziVousi2Vs73
