email,vendorNames,showIds,authUserExists,lastSignInTime,latestResetSentAt
acutaboveroofing@gmail.com,A Cut Above Roofing LLC,putnam-spring-2026,yes,,2026-03-04T17:48:12.000Z
admin@rollingthundercarts.com,Rolling Thunder Carts,putnam-spring-2026,yes,,2026-03-04T17:53:30.000Z
allison@meetinthemiddle.club,Olympic Air LLC,putnam-spring-2026,yes,,2026-03-04T17:52:28.000Z
amber@selksolutions.com,Selk Solutions,putnam-spring-2026,yes,,2026-03-04T17:53:34.000Z
amy@uppercumberlandgenerators.com,Upper Cumberland Generators,putnam-spring-2026,yes,,2026-02-22T22:16:03.191Z
b&hshelters@yahoo.com,B&H Storm Shelters,putnam-spring-2026,yes,,2026-02-22T22:10:26.388Z
bandhshelters@yahoo.com,B&H Storm Shelters,putnam-spring-2026,yes,,2026-03-04T17:48:24.000Z
barrieroftn@gmail.com,Barrier Waterproofing,putnam-spring-2026,yes,,2026-03-04T17:48:26.000Z
canaeventbackdrops@gmail.com,Cana Event Backdrops,putnam-spring-2026,yes,,2026-03-04T17:49:36.000Z
canglin@axenrealty.com,Axen Realty,putnam-spring-2026,yes,,2026-03-04T17:48:23.000Z
contact@thecrawlspacekings.com,The Crawlspace Kings,putnam-spring-2026,yes,,2026-02-22T22:08:30.732Z
curbappealoftn@gmail.com,Beautiful Homes and Decks,putnam-spring-2026,yes,,2026-03-04T17:48:29.000Z
dennis@h20waterbiz.com,H20 Waterbiz southeast LLC,putnam-spring-2026,yes,,2026-03-04T17:51:31.000Z
derrick@allamericanmatress.com,All American Matters,putnam-spring-2026,yes,,2026-02-22T21:17:38.608Z
derrick@allamericanmattress.com,All American Mattress LLC,putnam-spring-2026,yes,,2026-03-04T17:48:14.000Z
deshaun@theusagranite.com,USA Granite,putnam-fall-2026,yes,,2026-02-22T20:39:30.829Z
dhurlburt@windowsbyrba.com,Renewal by Andersen,putnam-spring-2026,yes,,2026-02-22T22:18:40.973Z
erieevents@leafhome.com,Erie Home,putnam-spring-2026,yes,,2026-03-04T17:51:26.000Z
events@cutco.com,Cutco,putnam-spring-2026,yes,,2026-03-04T17:51:25.000Z
events@leaffilter.com,LeafFilter Gutter Protection,putnam-spring-2026,yes,,2026-03-04T17:51:44.000Z
events@leafhomeenhancements.com,LeafHome Bath,putnam-spring-2026,yes,,2026-03-04T17:51:47.000Z
events@pelladirect.com,Pella Windows and Doors,putnam-spring-2026,yes,,2026-03-04T17:53:22.000Z
events@southernshowers.com,Southern Showers,putnam-spring-2026,yes,,2026-03-04T17:53:35.000Z
garry@putnamplumbing.com,Putnam Plumbing,putnam-spring-2026,yes,,2026-03-04T17:53:25.000Z
gayle.edmiston@yahoo.com,American Home,putnam-spring-2026,yes,,2026-03-04T17:48:16.000Z
glayton@improveitusa.com,Improveit Home Remodeling,putnam-spring-2026,yes,,2026-02-22T22:13:32.864Z
granvilletnoffice@gmail.com,Historic Granville,putnam-spring-2026,yes,,2026-03-04T17:51:33.000Z
heather@sullivanwalter.com,Sullivan Walter Homes,putnam-spring-2026,yes,,2026-03-04T17:53:37.000Z
ihrshowmanager@improveitusa.com,Improveit Home Remodeling,putnam-spring-2026,yes,,2026-03-04T17:51:37.000Z
ims@ibyfax.com,Integrity Metal Sales & Lumber,putnam-spring-2026,yes,,2026-03-04T17:51:40.000Z
info@bruckcontractors.com,Bruck Contractors,putnam-fall-2026,no,,2026-02-22T20:36:45.526Z
itaylor@budgetblinds.com,Budget Blinds,putnam-spring-2026,yes,,2026-03-04T17:48:39.000Z
jaden@flynndevelopment.co,Flynn Development,putnam-spring-2026,yes,,2026-02-12T15:55:40.026Z
jaden@moderndevelopment.co,Modern Development,putnam-spring-2026,yes,,2026-03-04T17:51:52.000Z
james.blair@home-stretch.com,Home Stretch,putnam-spring-2026,yes,,2026-03-04T17:51:35.000Z
jasonbo1462@gmail.com,"NXT Generation Painting, LLC",putnam-spring-2026,yes,,2026-03-04T17:52:09.000Z
jbrezeale@americashomeplace.com,America's Home Place,putnam-spring-2026,yes,,2026-03-04T17:48:19.000Z
jcoley22@gmail.com,CUTCO,putnam-fall-2026,yes,,2026-02-22T20:28:45.815Z
jenna@homefoodservices.com,Passanante's Home Food Services,putnam-spring-2026,yes,,2026-03-04T17:52:47.000Z
jhudgens@pelladirect.com,Windows & Doors of Nashville,putnam-spring-2026,yes,,2026-02-22T21:35:55.788Z
joe.patriotcontractors@gmail.com,"Patriot Contractors, LLC",putnam-spring-2026,yes,,2026-03-04T17:53:20.000Z
jwilliams@budgetblinds.com,Budget Blinds,putnam-spring-2026,yes,,2026-02-22T22:07:23.007Z
kpresley1@gmail.com,Karen’s Cleaning,putnam-spring-2026,yes,,2026-03-04T17:51:42.000Z
kschwarz@leafguard.com,Leafguard,putnam-spring-2026,yes,,2026-03-04T17:51:45.000Z
marshellia.johnson@bathfitter.com,Bath Fitter,putnam-spring-2026,yes,,2026-03-04T17:48:28.000Z
mgoodchild@americanhomedesign.com,American Home Design,putnam-spring-2026,yes,,2026-03-04T17:48:18.000Z
mike@middletennesseecleaners.com,Middle Tennessee Cleaners,putnam-spring-2026,yes,,2026-03-04T17:51:50.000Z
moriah@irtn.co,Innovative Home Services,putnam-spring-2026,yes,,2026-03-04T17:51:39.000Z
nashevents@windowsbyrba.com,Renewal by Andersen,putnam-spring-2026,yes,,2026-03-04T17:53:27.000Z
natalie.bloomer@leafhome.com,LeafHome Bath,putnam-spring-2026,yes,,2026-02-22T21:45:05.946Z
nathaliaskincare@gmail.com,Clinic Shape,putnam-spring-2026,yes,,2026-03-04T17:49:58.000Z
nxtgenerationpainting22@gmail.com,"NXT Generation Painting, LLC",putnam-spring-2026,yes,,2026-02-22T21:07:10.933Z
pat@custombathandshower.com,Custom Bath & Shower,putnam-spring-2026,yes,,2026-03-04T17:51:23.000Z
patrice@supsleep.com,SUPERIOR SLEEP,putnam-spring-2026,yes,,2026-03-04T17:53:39.000Z
putnamcountytreeservice@yahoo.com,Putnam County Tree Service,putnam-spring-2026,yes,,2026-03-04T17:53:23.000Z
rick@crafthealth.com,Craft Body Scan,putnam-spring-2026,yes,,2026-03-04T17:50:21.000Z
rob@tnshield.com,FLOWSHIELD GUTTER PROTECTION,putnam-spring-2026,yes,,2026-03-04T17:51:28.000Z
robertsexcavationllc@gmail.com,Roberts Excavation LLC,putnam-fall-2026|putnam-spring-2026,yes,,2026-03-04T17:53:29.000Z
russell@campbellpestsolutions.com,Campbell Pest Solutions,putnam-spring-2026,yes,,2026-03-04T17:49:16.000Z
sales@aquapoolsllc.com,Aqua Pools,putnam-spring-2026,yes,,2026-03-04T17:48:21.000Z
sayheatingandcooling@gmail.com,SAY HEATING AND COOLING,putnam-spring-2026,yes,,2026-03-04T17:53:32.000Z
shanautica.sales@greatdayimprovements.com,Patio Enclosures,putnam-spring-2026,yes,,2026-03-04T17:53:08.000Z
tjholland.th@gmail.com,LeafX of TN,putnam-spring-2026,yes,,2026-02-22T22:11:15.106Z
tjholland1.th@gmail.com,LeafX of TN,putnam-spring-2026,yes,,2026-03-04T17:51:49.000Z
tomb@properplumbing.com,Proper Plumbing,putnam-spring-2026,yes,,2026-02-22T20:54:59.184Z
twoodward@lbfoster.com,CXT,putnam-fall-2026,yes,,2026-02-22T20:43:08.993Z
uknown@innovativehomeservices.com,Innovative Home Services,putnam-spring-2026,yes,,2026-02-22T22:05:25.960Z
unknown@americanhomedesign.com,American Home Design,putnam-spring-2026,yes,,2026-02-22T21:01:48.468Z
vwinneccs@gmail.com,Creative Log Cabins,putnam-spring-2026,yes,,2026-03-04T17:50:45.000Z
wwatson@garageforce.com,Garage Force of Nashville,putnam-spring-2026,yes,,2026-03-04T17:51:30.000Z
