email,name,sourceTypes
houseofkna@gmail.com,Middle Tennessee Metals,spring
sayheatingandcooling@gmail.com,SAY HEATING AND COOLING,spring|csv
kevin.christensen@twomen.com,Two Men and a Truck,spring|csv
barrieroftn@gmail.com,Barrier Waterproofing,spring|csv
dennis@h20waterbiz.com,H20 Waterbiz southeast LLC,spring|csv
jenna@homefoodservices.com,Passanante's Home Food Services,spring|csv
natalie.bloomer@leafhome.com,LeafHome Bath,spring
events@leafhomeenhancements.com,LeafHome Bath,spring|csv
mike@middletennesseecleaners.com,Middle Tennessee Cleaners,spring|csv
tjholland.th@gmail.com,LeafX of TN,spring
thomas.surratt1@t-mobile.com,T-Mobile,spring|csv
ims@ibyfax.com,Integrity Metal Sales & Lumber,spring|csv
shanautica.sales@greatdayimprovements.com,Patio Enclosures,spring|csv
events@cutco.com,Cutco,spring|csv
glayton@improveitusa.com,Improveit Home Remodeling,spring
amy@uppercumberlandgenerators.com,Upper Cumberland Generators,spring
joe.patriotcontractors@gmail.com,"Patriot Contractors, LLC",spring|csv
shannon@truemetalsupply.com,True Metal Supply,spring|csv
derrick@allamericanmatress.com,All American Matters,spring
jwilliams@budgetblinds.com,Budget Blinds,spring
jaden@flynndevelopment.co,Flynn Development,spring
marketing@stabledry.com,United Structural Systems (USS),spring|csv
nashevents@windowsbyrba.com,Renewal by Andersen,spring|csv
unknown@americanhomedesign.com,American Home Design,spring
dunn2676@gmail.com,Upper Cumberland Remodeling LLC,spring|csv
events@southernshowers.com,Southern Showers,spring|csv
garry@putnamplumbing.com,Putnam Plumbing,spring|csv
jasonbo1462@gmail.com,"NXT Generation Painting, LLC",spring|csv
marshellia.johnson@bathfitter.com,Bath Fitter,spring|csv
vwinneccs@gmail.com,Creative Log Cabins,spring|csv
uknown@innovativehomeservices.com,Innovative Home Services,spring
tomb@properplumbing.com,Proper Plumbing,spring
heather@sullivanwalter.com,Sullivan Walter Homes,spring|csv
ashlyn.windowdepot@gmail.com,Window Depot & Bath Team,spring|csv
contact@thecrawlspacekings.com,The Crawlspace Kings,spring|csv
nick@cumberlandcleaning.com,Cumberland Cleaning,spring
mail@cumberlandcleaning.com,Cumberland Cleaning Company,spring|csv
putnamcountytreeservice@yahoo.com,Putnam County Tree Service,spring|csv
events@pelladirect.com,Pella Windows and Doors,spring|csv
granvilletnoffice@gmail.com,Historic Granville,spring|csv
patrice@supsleep.com,SUPERIOR SLEEP,spring|csv
bandhshelters@yahoo.com,B&H Storm Shelters,spring|csv
nathaliaskincare@gmail.com,Clinic Shape,spring|csv
jbrezeale@americashomeplace.com,America's Home Place,spring|csv
kpresley1@gmail.com,Karen’s Cleaning,spring|csv
derrick@allamericanmattress.com,All American Mattress LLC,spring|csv
b&hshelters@yahoo.com,B&H Storm Shelters,spring
tjholland1.th@gmail.com,LeafX of TN,spring|csv
canaeventbackdrops@gmail.com,Cana Event Backdrops,spring|csv
ucgenerators@gmail.com,Upper Cumberland Generators,spring|csv
allison@meetinthemiddle.club,Olympic Air LLC,spring|csv
wwatson@garageforce.com,Garage Force of Nashville,spring|csv
moriah@irtn.co,Innovative Home Services,spring|csv
canglin@axenrealty.com,Axen Realty,spring|csv
itaylor@budgetblinds.com,Budget Blinds,spring|csv
james.blair@home-stretch.com,Home Stretch,spring|csv
ihrshowmanager@improveitusa.com,Improveit Home Remodeling,spring|csv
events@leaffilter.com,LeafFilter Gutter Protection,spring|csv
zeke@bruckcontractors.com,Bruck Contractors LLC,spring|csv
sales@aquapoolsllc.com,Aqua Pools,spring|csv
events@wilsonbank.com,Wilson Bank & Trust,spring|csv
pat@custombathandshower.com,Custom Bath & Shower,spring|csv
931window1@gmail.com,Willow Window,spring|csv
dhurlburt@windowsbyrba.com,Renewal by Andersen,spring
bredding@windownation.com,Window Nation,spring|csv
rick@crafthealth.com,Craft Body Scan,spring|csv
mgoodchild@americanhomedesign.com,American Home Design,spring|csv
kschwarz@leafguard.com,Leafguard,spring|csv
jaden@moderndevelopment.co,Modern Development,spring|csv
amber@selksolutions.com,Selk Solutions,spring|csv
rob@tnshield.com,FLOWSHIELD GUTTER PROTECTION,spring|csv
aloft2@gmail.com,PIXL,spring|csv
russell@campbellpestsolutions.com,Campbell Pest Solutions,spring|csv
nxtgenerationpainting22@gmail.com,"NXT Generation Painting, LLC",spring
gayle.edmiston@yahoo.com,American Home,spring|csv
jen.christensen@twomen.com,TWO MEN AND A TRUCK,spring|csv
jhudgens@pelladirect.com,Windows & Doors of Nashville,spring
acutaboveroofing@gmail.com,A Cut Above Roofing LLC,spring|csv
help@theusagranite.com,USA Granite,spring|csv
admin@rollingthundercarts.com,Rolling Thunder Carts,spring|csv
curbappealoftn@gmail.com,Beautiful Homes and Decks,spring|csv
erieevents@leafhome.com,Erie Home,spring|csv
